{"page7-218": 0.8952624981975087, "page1-129": 0.969473529615039, "page-G": 0.5921286275452942, "page5-200": 0.8289083557951484, "page-L": 0.6062251057958128, "page-K": 0.7314773395328951, "page-I": 0.554077948800171, "page3-41": 0.6761900442324968, "page4-162": 0.6507723408666805, "page-J": 0.817577093688205, "page5-128": 0.8187029272459043, "page4-24": 0.5110860575483217, "page9-46": 0.9277370137433032, "page-E": 0.7444833253166586, "page8-235": 0.6473961573018175, "page5-244": 0.6083447213164193, "page6-180": 0.659576220425277, "page-H": 0.7518347855847857, "page6-99": 0.7439854170986246, "page-B": 0.7162244741790199, "page3-128": 0.8964854458958232, "page5-75": 0.45056570496822057, "page6-162": 0.9269183253853063, "page7-197": 0.8332002902757618, "page-F": 0.4825434722404419, "page-A": 0.49224143166939777, "page-D": 0.6628314894981561, "page-C": 0.5926262626262628, "page9-27": 0.8718902865129282, "page1-128": 0.9602542344680712, "page7-248": 0.8823873453590435, "page6-143": 0.7356382611099591, "page2-112": 0.8269049346879538, "page5-186": 0.9419520149079894, "page9-13": 0.8795836501025179, "page4-93": 0.8876007849592757, "page5-153": 0.8317601423733496, "page6-164": 0.5023794903693307, "page4-10": 0.6759217983274586, "page8-21": 0.5154549135157103, "page5-64": 0.8526201291138399, "page8-159": 0.7588557145160916, "page8-183": 0.9508246208717908, "page2-137": 0.9492198838896954, "page1-116": 0.9127552605015916, "page1-105": 0.9073841136734219, "page4-157": 0.9182596098869684, "page3-72": 0.9039787649457462, "page6-78": 0.6522876494574609, "page3-121": 0.7046220163096473, "page8-234": 0.6158172802040726, "page7-81": 0.9228419047087406, "page7-14": 0.4805646266731175, "page1-0": 0.9067441599281223, "page4-128": 0.9006089647599083, "page5-59": 0.8375634978229313, "page5-136": 0.8935902022117953, "page5-232": 0.8419000810510244, "page6-203": 0.8690707786408074, "page3-182": 0.9143399416258633, "page7-26": 0.9057449325269035, "page3-85": 0.9444876075182675, "page7-180": 0.9288665998571655, "page2-34": 0.7684420323833324, "page2-131": 0.8650066521528784, "page3-136": 0.9255889987022061, "page7-105": 0.8445128377911396, "page5-178": 0.7474849006688631, "page1-69": 0.8967550996639043, "page3-35": 0.9373159859008914, "page6-149": 0.9197308514918582, "page7-107": 0.9144366835994193, "page5-28": 0.9505144619531414, "page1-119": 0.9236574746008703}