{"page1-0": 0.8833333333333334, "page1-105": 0.962962962962963, "page1-116": 0.8222222222222222, "page1-119": 0.975, "page1-128": 1.0, "page1-129": 0.9851851851851852, "page1-69": 0.8592592592592592, "page2-112": 0.9722222222222221, "page2-131": 0.5333333333333334, "page2-137": 0.9, "page2-34": 0.7611111111111111, "page3-121": 0.9444444444444444, "page3-128": 0.9925925925925926, "page3-136": 0.9833333333333334, "page3-182": 0.9833333333333334, "page3-35": 0.9916666666666668, "page3-41": 0.8444444444444444, "page3-72": 0.9685185185185187, "page3-85": 0.9833333333333334, "page4-10": 0.8722222222222221, "page4-128": 1.0, "page4-157": 0.9642857142857144, "page4-162": 0.8666666666666666, "page4-24": 0.7222222222222223, "page4-93": 0.951851851851852, "page5-128": 0.9925925925925926, "page5-136": 0.9907407407407408, "page5-153": 0.6425925925925926, "page5-178": 0.9527777777777778, "page5-186": 0.9, "page5-200": 0.9703703703703704, "page5-232": 0.7277777777777779, "page5-244": 0.8629629629629629, "page5-28": 0.9777777777777779, "page5-59": 0.9166666666666666, "page5-64": 0.9833333333333334, "page5-75": 0.6944444444444444, "page6-143": 0.9407407407407409, "page6-149": 0.9583333333333334, "page6-162": 1.0, "page6-164": 0.8962962962962961, "page6-180": 0.850925925925926, "page6-203": 0.9378787878787879, "page6-78": 0.9740740740740741, "page6-99": 0.9314814814814814, "page7-105": 0.9888888888888889, "page7-107": 0.9935185185185185, "page7-14": 0.7777777777777778, "page7-180": 0.8962962962962964, "page7-197": 0.9731481481481481, "page7-218": 0.9907407407407408, "page7-248": 0.9611111111111112, "page7-26": 0.9777777777777779, "page7-81": 1.0, "page8-159": 1.0, "page8-183": 1.0, "page8-21": 0.5000000000000001, "page8-234": 0.0, "page8-235": 0.9333333333333332, "page9-13": 0.8812169312169311, "page9-27": 0.9574074074074073, "page9-46": 0.9240740740740743, "page-A": 0.8777777777777779, "page-B": 0.9537037037037038, "page-C": 0.9000000000000001, "page-D": 0.9611111111111112, "page-E": 0.8407407407407408, "page-F": 0.6685185185185186, "page-G": 0.9537037037037038, "page-H": 0.7953703703703704, "page-I": 0.8962962962962961, "page-J": 0.925, "page-K": 0.9388888888888889, "page-L": 0.9685185185185186}