{"page7-218": 0.9721057535522946, "page1-129": 0.9868468795355588, "page-G": 0.947053872053872, "page5-200": 0.9449383164005808, "page-L": 0.8913075196408529, "page-K": 0.9265151515151513, "page-I": 0.9366947250280581, "page3-41": 0.892235123367199, "page4-162": 0.8870948234155779, "page-J": 0.9571829405162738, "page5-128": 0.9643023526671329, "page4-24": 0.7938134978229319, "page9-46": 0.9799382716049384, "page-E": 0.9046071829405159, "page8-235": 0.9415820029027577, "page5-244": 0.8810776487663279, "page6-180": 0.8429063860667634, "page-H": 0.9255892255892255, "page6-99": 0.9365384615384619, "page-B": 0.9481481481481482, "page3-128": 0.9765965166908562, "page5-75": 0.8666142557651993, "page6-162": 0.9749939525882922, "page7-197": 0.9579402515723271, "page-F": 0.7444163860830529, "page-A": 0.916629001883239, "page-D": 0.9361952861952865, "page-C": 0.9082996632996632, "page9-27": 0.9790705800139764, "page1-128": 0.9780747728860937, "page7-248": 0.9654692791485243, "page6-143": 0.9124939525882922, "page2-112": 0.9385885341074018, "page5-186": 0.9461448870253901, "page9-13": 0.9436985970004835, "page4-93": 0.9549830672472182, "page5-153": 0.7948113207547166, "page6-164": 0.9102564102564099, "page4-10": 0.9176342525399126, "page8-21": 0.8097484276729562, "page5-64": 0.9844514325646403, "page8-159": 0.9455128205128208, "page8-183": 0.973512336719884, "page2-137": 0.9434748427672954, "page1-116": 0.8735441416259028, "page1-105": 0.9457838341486139, "page4-157": 0.9635859423595269, "page3-72": 0.8933236574746012, "page6-78": 0.9064102564102565, "page3-121": 0.9616235732587932, "page8-234": 0.6857764876632797, "page7-81": 0.9637397194000967, "page7-14": 0.874455732946299, "page1-0": 0.9540517658442187, "page4-128": 0.9669228977405081, "page5-59": 0.8266207063376872, "page5-136": 0.9306021430235271, "page5-232": 0.8321843251088534, "page6-203": 0.9128654364503421, "page3-182": 0.9777878567972909, "page7-26": 0.9662182622874448, "page3-85": 0.986695694242864, "page7-180": 0.9089259796806968, "page2-34": 0.8960517120894482, "page2-131": 0.8878507498790521, "page3-136": 0.9851269508502214, "page7-105": 0.975084663763909, "page5-178": 0.9618273934311672, "page1-69": 0.9546936873980902, "page3-35": 0.9763183357522981, "page6-149": 0.9602841835546242, "page7-107": 0.9707063376874696, "page5-28": 0.9779571843251089, "page1-119": 0.9678580067731011}