{"page1-0": 0.8885185185185186, "page1-105": 0.8662962962962963, "page1-116": 0.7185185185185186, "page1-119": 0.9007407407407408, "page1-128": 0.9755555555555556, "page1-129": 0.9622222222222223, "page1-69": 0.7119047619047618, "page2-112": 0.7674074074074074, "page2-131": 0.5333333333333333, "page2-137": 0.9555555555555555, "page2-34": 0.7441975308641975, "page3-121": 0.6703747795414463, "page3-128": 0.8328395061728393, "page3-136": 0.8644444444444446, "page3-182": 0.8882356532356532, "page3-35": 0.9526719576719577, "page3-41": 0.5272222222222223, "page3-72": 0.9200529100529101, "page3-85": 0.9738888888888889, "page4-10": 0.4546296296296296, "page4-128": 0.9041666666666666, "page4-157": 0.8334427609427608, "page4-162": 0.47365079365079366, "page4-24": 0.4921296296296296, "page4-93": 0.8723249158249159, "page5-128": 0.7555555555555555, "page5-136": 0.8832716049382716, "page5-153": 0.6733333333333333, "page5-178": 0.6892526455026455, "page5-186": 0.8864814814814814, "page5-200": 0.8167901234567901, "page5-232": 0.8010317460317461, "page5-244": 0.46422558922558926, "page5-28": 0.8617460317460317, "page5-59": 0.8055555555555556, "page5-64": 0.7822222222222222, "page5-75": 0.14843915343915345, "page6-143": 0.8033333333333333, "page6-149": 0.763888888888889, "page6-162": 0.9226719576719578, "page6-164": 0.38713675213675225, "page6-180": 0.6491137566137566, "page6-203": 0.8291341991341992, "page6-78": 0.46158730158730166, "page6-99": 0.6327645502645504, "page7-105": 0.8642328042328042, "page7-107": 0.927962962962963, "page7-14": 0.2808333333333333, "page7-180": 0.913425925925926, "page7-197": 0.786111111111111, "page7-218": 0.8953703703703704, "page7-248": 0.7862698412698412, "page7-26": 0.8921704221704221, "page7-81": 0.9820987654320987, "page8-159": 0.9777777777777779, "page8-183": 0.9193650793650793, "page8-21": 0.37990740740740747, "page8-234": 0.4530423280423281, "page8-235": 0.42275132275132277, "page9-13": 0.8150088183421517, "page9-27": 0.7851851851851852, "page9-46": 0.9017592592592594, "page-A": 0.38447089947089946, "page-B": 0.5962962962962963, "page-C": 0.43833333333333335, "page-D": 0.6242063492063493, "page-E": 0.7191666666666667, "page-F": 0.49078042328042326, "page-G": 0.7152380952380951, "page-H": 0.4223809523809524, "page-I": 0.4951146384479717, "page-J": 0.826252204585538, "page-K": 0.7224382716049382, "page-L": 0.6801851851851852}