{"page1-0": 4.355555555555555, "page1-105": 4.5777777777777775, "page1-116": 7.0, "page1-119": 5.333333333333333, "page1-128": 5.933333333333334, "page1-129": 6.266666666666667, "page1-69": 7.0, "page2-112": 6.8, "page2-131": 6.088888888888889, "page2-137": 6.622222222222222, "page2-34": 4.111111111111111, "page3-121": 4.733333333333333, "page3-128": 6.222222222222222, "page3-136": 6.466666666666667, "page3-182": 4.844444444444444, "page3-35": 6.044444444444444, "page3-41": 4.777777777777778, "page3-72": 4.2444444444444445, "page3-85": 3.8666666666666667, "page4-10": 5.355555555555555, "page4-128": 5.066666666666666, "page4-157": 5.0, "page4-162": 4.977777777777778, "page4-24": 5.777777777777778, "page4-93": 5.155555555555556, "page5-128": 5.822222222222222, "page5-136": 5.555555555555555, "page5-153": 4.777777777777778, "page5-178": 5.6, "page5-186": 5.377777777777778, "page5-200": 5.511111111111111, "page5-232": 4.666666666666667, "page5-244": 5.2, "page5-28": 5.466666666666667, "page5-59": 4.466666666666667, "page5-64": 4.377777777777778, "page5-75": 6.266666666666667, "page6-143": 6.6, "page6-149": 5.133333333333334, "page6-162": 5.6, "page6-164": 5.777777777777778, "page6-180": 5.066666666666666, "page6-203": 5.327272727272727, "page6-78": 5.111111111111111, "page6-99": 5.355555555555555, "page7-105": 6.4, "page7-107": 3.911111111111111, "page7-14": 6.133333333333334, "page7-180": 6.066666666666666, "page7-197": 5.733333333333333, "page7-218": 6.444444444444445, "page7-248": 4.377777777777778, "page7-26": 4.555555555555555, "page7-81": 4.111111111111111, "page8-159": 4.688888888888889, "page8-183": 4.0, "page8-21": 5.688888888888889, "page8-234": 5.111111111111111, "page8-235": 5.222222222222222, "page9-13": 4.866666666666666, "page9-27": 6.6, "page9-46": 4.066666666666666, "page-A": 5.2, "page-B": 5.333333333333333, "page-C": 6.088888888888889, "page-D": 5.444444444444445, "page-E": 5.5777777777777775, "page-F": 5.511111111111111, "page-G": 4.644444444444445, "page-H": 5.044444444444444, "page-I": 5.466666666666667, "page-J": 4.711111111111111, "page-K": 4.866666666666666, "page-L": 5.533333333333333}