{"page7-218": 5.536687631027253, "page1-129": 5.818577648766328, "page-G": 4.6983164983164984, "page5-200": 5.444121915820029, "page-L": 4.976430976430977, "page-K": 4.775757575757575, "page-I": 4.894276094276094, "page3-41": 5.070391872278665, "page4-162": 4.8918722786647315, "page-J": 4.502356902356903, "page5-128": 5.686233403214535, "page4-24": 5.087808417997097, "page9-46": 4.480782669461915, "page-E": 5.296296296296297, "page8-235": 4.532656023222061, "page5-244": 4.615384615384615, "page6-180": 4.582728592162554, "page-H": 4.915824915824916, "page6-99": 4.730043541364296, "page-B": 4.6774410774410775, "page3-128": 5.533381712626996, "page5-75": 4.946191474493362, "page6-162": 5.756168359941944, "page7-197": 5.343251088534108, "page-F": 5.226262626262626, "page-A": 4.698870056497175, "page-D": 4.972390572390572, "page-C": 5.715824915824916, "page9-27": 6.156533892382949, "page1-128": 5.525506638714186, "page7-248": 4.6088534107402035, "page6-143": 5.861393323657475, "page2-112": 5.7242380261248185, "page5-186": 5.781970649895178, "page9-13": 4.626995645863571, "page4-93": 5.413642960812772, "page5-153": 5.273584905660377, "page6-164": 5.3911465892597965, "page4-10": 4.904208998548621, "page8-21": 4.422082459818309, "page5-64": 4.322152341020265, "page8-159": 5.179245283018868, "page8-183": 4.466618287373004, "page2-137": 5.884615384615385, "page1-116": 6.222921034241789, "page1-105": 5.09853249475891, "page4-157": 4.91799709724238, "page3-72": 4.646589259796807, "page6-78": 4.68577648766328, "page3-121": 4.343116701607268, "page8-234": 4.663280116110305, "page7-81": 4.45210449927431, "page7-14": 4.8236574746008705, "page1-0": 4.447024673439768, "page4-128": 5.30398322851153, "page5-59": 4.44267053701016, "page5-136": 5.444444444444445, "page5-232": 5.336719883889695, "page6-203": 5.310595065312047, "page3-182": 5.285195936139332, "page7-26": 4.427672955974843, "page3-85": 3.965166908563135, "page7-180": 5.563860667634253, "page2-34": 4.351502445842068, "page2-131": 5.738026124818577, "page3-136": 6.069182389937107, "page7-105": 5.948476052249637, "page5-178": 4.598881900768693, "page1-69": 5.540181691125087, "page3-35": 5.334542815674891, "page6-149": 5.64011180992313, "page7-107": 4.2402031930333814, "page5-28": 5.626995645863571, "page1-119": 5.428882438316401}